STCOU,Land_mass
00000,3787425.08
01000,52422.94
01001,604.49
01003,2027.08
01005,904.59
01007,625.5
01009,650.65
01011,626.11
01013,777.99
01015,612.35
01017,603.15
01019,600
01021,700.8
01023,920.91
01025,1252.6
01027,606.05
01029,561.06
01031,680.52
01033,623.66
01035,852.58
01037,666.41
01039,1043.95
01041,610.91
01043,754.86
01045,562.72
01047,993.46
01049,778.71
01051,657.26
01053,953.04
01055,548.81
01057,629.38
01059,646.55
01061,578.96
01063,659.99
01065,656.52
01067,568.38
01069,581.71
01071,1126.82
01073,1123.87
01075,605.51
01077,718.84
01079,718.13
01081,615.61
01083,607.12
01085,725.09
01087,613.29
01089,812.89
01091,982.92
01093,743.62
01095,623.21
01097,1644.14
01099,1034.62
01101,799.81
01103,599.09
01105,724.13
01107,890.1
01109,672.15
01111,584.15
01113,647.44
01115,653.66
01117,809.6
01119,913.35
01121,760.32
01123,766.3
01125,1352.03
01127,805.36
01129,1088.62
01131,907.54
01133,631.9
02000,656424.14
02013,15011.77
02016,14114.7
02020,1961.51
02050,45954.59
02060,917.61
02068,0
02070,20613.12
02090,7443.68
02100,2754.1
02105,17500.23
02110,3081.12
02122,21664.33
02130,1743.55
02150,11845.9
02164,29008.24
02170,25232.41
02180,28276.17
02185,93823.1
02188,40660.96
02195,8973.77
02198,12566.41
02220,4849.75
02230,0
02240,26235.44
02261,43515.67
02270,19680.08
02275,0
02282,0
02290,158995.95
04000,114006.26
04001,11219.17
04003,6219.32
04005,18662.57
04007,4796.14
04009,4641.47
04011,1848.55
04012,4513.66
04013,9224.86
04015,13470.5
04017,9960.22
04019,9189.44
04021,5374.49
04023,1238.22
04025,8128.33
04027,5519.32
05000,53182.36
05001,1033.85
05003,939.16
05005,586.78
05007,876.82
05009,601.86
05011,654.43
05013,632.59
05015,642.33
05017,690.93
05019,882.68
05021,641.47
05023,591.95
05025,598.84
05027,766.94
05029,566.71
05031,713.03
05033,604.24
05035,636.73
05037,622.38
05039,668.21
05041,819.57
05043,835.71
05045,664.05
05047,619.72
05049,620.36
05051,734.61
05053,633.06
05055,579.69
05057,741.42
05059,622.2
05061,595.24
05063,771.64
05065,584.07
05067,641.5
05069,913.75
05071,682.78
05073,545.11
05075,592.39
05077,619.5
05079,572.21
05081,564.9
05083,731.55
05085,802.48
05087,837.13
05089,640.38
05091,637.53
05093,919.8
05095,621.46
05097,800.34
05099,620.83
05101,823.24
05103,739.7
05105,560.51
05107,727.34
05109,613.93
05111,763.44
05113,862.47
05115,830.84
05117,675.81
05119,807.91
05121,656.08
05123,642.44
05125,730.5
05127,898.15
05129,668.56
05131,546.07
05133,581.38
05135,606.39
05137,609.47
05139,1055.36
05141,724.36
05143,956.07
05145,1042.43
05147,594.09
05149,948.89
06000,163707.15
06001,821.26
06003,743.23
06005,604.26
06007,1677.22
06009,1036.92
06011,1156.32
06013,802.18
06015,1229.84
06017,1791.29
06019,6017.89
06021,1327.25
06023,4052.52
06025,4482.08
06027,10227.75
06029,8162.03
06031,1391.58
06033,1329.59
06035,4720.61
06037,4752.32
06039,2153.39
06041,828.22
06043,1462.89
06045,3878.5
06047,1972.02
06049,4203.62
06051,3131.89
06053,3771.11
06055,788.34
06057,974.54
06059,947.91
06061,1500.24
06063,2613.75
06065,7303.81
06067,995.65
06069,1390.81
06071,20106.39
06073,4525.92
06075,231.89
06077,1426.37
06079,3615.73
06081,741.07
06083,3789.56
06085,1304.53
06087,607.72
06089,3847.61
06091,962.03
06093,6347.81
06095,906.85
06097,1768.35
06099,1514.8
06101,608.86
06103,2962.3
06105,3207.79
06107,4839.41
06109,2274.52
06111,2208.36
06113,1022.87
06115,643.55
08000,104100.32
08001,1197.83
08003,723.59
08005,805.47
08007,1354.65
08009,2557.24
08011,1541.25
08013,751.4
08014,0
08015,1015.07
08017,1781.5
08019,396.47
08021,1290.99
08023,1230.55
08025,800.38
08027,739.95
08029,1148.61
08031,154.88
08033,1068.14
08035,842.81
08037,1691.89
08039,1851.01
08041,2129.71
08043,1534.06
08045,2956.08
08047,150.26
08049,1869.7
08051,3259.94
08053,1123.22
08055,1593.36
08057,1621.05
08059,778.2
08061,1785.87
08063,2161.71
08065,383.93
08067,1700.03
08069,2634
08071,4775.74
08073,2586.56
08075,1844.96
08077,3341.28
08079,877.82
08081,4751.21
08083,2040.08
08085,2242.71
08087,1293.97
08089,1269.81
08091,542.26
08093,2210.82
08095,687.78
08097,973.28
08099,1644.46
08101,2397.86
08103,3223.1
08105,913.13
08107,2368.19
08109,3170.46
08111,388.31
08113,1288.54
08115,549.64
08117,619.29
08119,558.99
08121,2524.29
08123,4021.76
08125,2369.22
09000,5543.65
09001,837.01
09003,750.61
09005,944.63
09007,439.07
09009,862.06
09011,771.71
09013,417.03
09015,521.51
10000,2489.38
10001,800.14
10003,493.53
10005,1195.7
11000,68.36
11001,68.36
12000,65758.08
12001,969.18
12003,588.92
12005,1033.35
12007,300.06
12009,1557.25
12011,1319.74
12013,574.38
12015,859.28
12017,773.24
12019,643.73
12021,2305.09
12023,801.12
12027,639.55
12029,863.71
12031,918.28
12033,893.94
12035,570.79
12037,1026.45
12039,528.51
12041,355.49
12043,986.19
12045,755.78
12047,519.35
12049,638.38
12051,1189.89
12053,589.12
12055,1106.36
12057,1266.36
12059,488.75
12061,616.97
12063,954.67
12065,636.68
12067,547.96
12069,1156.51
12071,1212
12073,701.83
12075,1412.41
12077,843.22
12079,715.89
12081,892.84
12083,1663.1
12085,752.86
12086,2429.59
12087,3737.42
12089,725.9
12091,1082.09
12093,891.98
12095,1004.31
12097,1506.49
12099,2386.53
12101,868.02
12103,607.75
12105,2010.19
12107,827.22
12109,821.47
12111,688.13
12113,1155.31
12115,725.27
12117,344.9
12119,580.35
12121,691.94
12123,1232.05
12125,249.72
12127,1432.51
12129,735.78
12131,1238.13
12133,615.84
13000,59441.22
13001,512.15
13003,344.12
13005,285.94
13007,349.19
13009,267.52
13011,233.88
13013,162.85
13015,470.56
13017,254.04
13019,457.81
13021,255.17
13023,219.14
13025,447.44
13027,497.81
13029,454.54
13031,688.92
13033,835.06
13035,190.02
13037,283.59
13039,782.52
13043,248.85
13045,503.86
13047,162.67
13049,783.01
13051,646.32
13053,251.19
13055,313.97
13057,434.03
13059,121.29
13061,217.01
13063,144.29
13065,824.24
13067,344.54
13069,602.67
13071,556.59
13073,307.8
13075,233.24
13077,446.01
13079,326.48
13081,281.21
13083,174.1
13085,213.95
13087,623.2
13089,270.94
13091,503.2
13093,397.15
13095,334.67
13097,200.27
13099,516.31
13101,420.83
13103,482.89
13105,374.57
13107,690.4
13109,186.9
13111,391.46
13113,199.27
13115,518.5
13117,247.38
13119,266.38
13121,534.59
13123,431.85
13125,144.46
13127,583.07
13129,357.63
13131,460.37
13133,406.28
13135,436.74
13137,279.21
13139,429.21
13141,478.8
13143,283.19
13145,472.97
13147,256.43
13149,301.11
13151,324.49
13153,379.87
13155,362.75
13157,343.02
13159,373.6
13161,335.46
13163,529.6
13165,352.48
13167,306.54
13169,395.41
13171,185.81
13173,199.84
13175,818.56
13177,362.03
13179,602.58
13181,257.31
13183,403.53
13185,510.66
13187,284.89
13189,266.32
13191,574.76
13193,405.99
13195,285.6
13197,367.53
13199,505.39
13201,283.74
13205,513.84
13207,397.83
13209,247.34
13211,354.62
13213,346.9
13215,221.02
13217,279.21
13219,186.15
13221,442.2
13223,315.09
13225,151.47
13227,232.8
13229,343.67
13231,219.45
13233,312.16
13235,249.87
13237,360.66
13239,160.93
13241,377.01
13243,430.92
13245,328.5
13247,132.13
13249,167.83
13251,655.66
13253,256.58
13255,199.61
13257,184.24
13259,463.26
13261,492.58
13263,394.77
13265,195.48
13267,488.27
13269,379.65
13271,444.12
13273,337.65
13275,552.13
13277,268.88
13279,368.67
13281,171.87
13283,202.22
13285,445.99
13287,289.87
13289,362.92
13291,329.19
13293,327.67
13295,446.74
13297,330.07
13299,906.62
13301,286.76
13303,684.43
13305,648.85
13307,210.27
13309,300.16
13311,242.18
13313,290.68
13315,383.32
13317,474.03
13319,452.03
13321,574.61
15000,10931.58
15001,5086.97
15003,2126.98
15005,52.33
15007,1266.45
15009,2398.87
16000,83573.77
16001,1060.38
16003,1370.11
16005,1147.5
16007,1049.49
16009,784.01
16011,2120.34
16013,2661.14
16015,1906.81
16017,1919.62
16019,1900.74
16021,1278.2
16023,2233.66
16025,1079.06
16027,603.52
16029,1798.73
16031,2580.45
16033,1765.28
16035,2488.26
16037,4936.92
16039,3100.69
16041,668.4
16043,1895.67
16045,565.77
16047,733.89
16049,8502.78
16051,1105.62
16053,601.91
16055,1315.77
16057,1076.94
16059,4569.68
16061,479.83
16063,1205.92
16065,473.39
16067,763.03
16069,856.4
16071,1201.69
16073,7697.11
16075,410.19
16077,1442.69
16079,2635.6
16081,450.6
16083,1928.57
16085,3733.85
16087,1473.6
17000,57917.84
17001,871.32
17003,252.55
17005,382.67
17007,281.96
17009,307.26
17011,873.36
17013,283.71
17015,465.81
17017,383.76
17019,997.56
17021,715.71
17023,504.91
17025,469.87
17027,503.5
17029,510.1
17031,1634.89
17033,445.77
17035,347.02
17037,635.02
17039,405.18
17041,417.44
17043,336.87
17045,624.22
17047,222.67
17049,479.93
17051,725.39
17053,486.44
17055,431.42
17057,882.66
17059,328.42
17061,546.37
17063,430.44
17065,435.86
17067,814.58
17069,181.54
17071,395.15
17073,825.64
17075,1118.11
17077,602.54
17079,498.06
17081,583.74
17083,377.05
17085,618.79
17087,348.89
17089,524.12
17091,681.49
17093,322.69
17095,719.74
17097,1368.05
17099,1148.12
17101,373.97
17103,729.34
17105,1045.49
17107,619.04
17109,590.06
17111,611.18
17113,1186.33
17115,585.4
17117,867.65
17119,740.39
17121,575.73
17123,398.53
17125,563.41
17127,242.13
17129,315.4
17131,568.91
17133,397.73
17135,709.79
17137,572.29
17139,344.48
17141,763.33
17143,630.91
17145,446.84
17147,440.35
17149,848.92
17151,374.65
17153,203.34
17155,172.25
17157,597.29
17159,362.03
17161,451.19
17163,673.99
17165,386.99
17167,877.11
17169,441.43
17171,252.79
17173,768.09
17175,288.23
17177,564.78
17179,657.94
17181,422.15
17183,902.18
17185,227.78
17187,543.21
17189,564.15
17191,715.6
17193,501.72
17195,697.06
17197,849.45
17199,444.4
17201,519.33
17203,542.78
18000,36420.09
18001,339.95
18003,660.14
18005,409.38
18007,406.42
18009,165.42
18011,423.31
18013,316.65
18015,375.06
18017,414.95
18019,376.23
18021,360.42
18023,405.3
18025,308.87
18027,436.89
18029,307.08
18031,373.44
18033,363.87
18035,395.95
18037,435.25
18039,467.87
18041,215.14
18043,148.33
18045,397.95
18047,391.36
18049,371.39
18051,499.08
18053,414.84
18055,545.95
18057,402.75
18059,306.75
18061,486.91
18063,408.9
18065,394.93
18067,293.94
18069,387.95
18071,513.79
18073,561.26
18075,383.84
18077,362.97
18079,378.38
18081,321.58
18083,524.08
18085,554.36
18087,386.73
18089,626.38
18091,613.09
18093,452.1
18095,452.94
18097,403.11
18099,449.95
18101,340.55
18103,377.38
18105,411.34
18107,505.39
18109,409.41
18111,403.56
18113,417.63
18115,87.48
18117,408.23
18119,387.85
18121,450.12
18123,386.36
18125,341.1
18127,521.64
18129,419.47
18131,434.59
18133,482.61
18135,453.27
18137,447.95
18139,408.65
18141,460.97
18143,192.74
18145,413.14
18147,401.26
18149,312.33
18151,322.5
18153,454.08
18155,223.54
18157,503.12
18159,260.43
18161,165.26
18163,235.76
18165,259.95
18167,410.5
18169,421.1
18171,366.63
18173,390.87
18175,516.57
18177,404.38
18179,370.43
18181,508.82
18183,337.91
19000,56275.54
19001,570.33
19003,425.42
19005,658.75
19007,516.39
19009,443.6
19011,718.52
19013,571.96
19015,573.54
19017,439.64
19019,573.38
19021,580.1
19023,581.6
19025,572.33
19027,570.27
19029,565.03
19031,582.01
19033,575.18
19035,577.38
19037,505.53
19039,431.75
19041,572.56
19043,792.85
19045,710.26
19047,715.04
19049,591.77
19051,504.93
19053,533.36
19055,579.08
19057,429.83
19059,403.71
19061,616.63
19063,402.4
19065,731.47
19067,501.33
19069,583.06
19071,516.79
19073,571.16
19075,502.58
19077,593.09
19079,577.47
19081,573.18
19083,569.99
19085,700.99
19087,436.71
19089,473.8
19091,435.75
19093,432.26
19095,587.39
19097,649.81
19099,732.97
19101,436.76
19103,623.41
19105,576.74
19107,579.99
19109,974.46
19111,538.8
19113,724.62
19115,417.67
19117,434.21
19119,587.68
19121,562.33
19123,573.45
19125,570.58
19127,573.07
19129,439.7
19131,469.42
19133,698.89
19135,434.14
19137,424.84
19139,449.09
19141,573.3
19143,399.52
19145,535.38
19147,569.45
19149,864.02
19151,579.17
19153,591.94
19155,960.01
19157,586.22
19159,538.96
19161,578.42
19163,468.2
19165,591.4
19167,768.65
19169,573.73
19171,722.42
19173,534.85
19175,425.98
19177,490.59
19179,436.02
19181,573.24
19183,570.81
19185,527.12
19187,718.1
19189,401.59
19191,689.93
19193,877.43
19195,401.73
19197,582.58
20000,82282
20001,505.24
20003,584.35
20005,435.06
20007,1136.27
20009,900.5
20011,638.88
20013,572.23
20015,1446.49
20017,778.06
20019,644.87
20021,591.02
20023,1020.89
20025,977.27
20027,655.46
20029,718.51
20031,654.63
20033,789.75
20035,1132.67
20037,595.11
20039,894.23
20041,852.66
20043,397.1
20045,474.5
20047,622.13
20049,650.41
20051,900.52
20053,723.47
20055,1302.69
20057,1099.35
20059,576.7
20061,403.95
20063,1071.55
20065,898.72
20067,575.1
20069,869.39
20071,778.05
20073,1152.66
20075,997.66
20077,803
20079,540.54
20081,577.75
20083,860.29
20085,657.9
20087,556.98
20089,914.51
20091,480.18
20093,871.57
20095,866.75
20097,722.67
20099,653.36
20101,717.48
20103,468.36
20105,719.97
20107,606.35
20109,1073.17
20111,855.21
20113,901.29
20115,953.59
20117,904.41
20119,979.72
20121,590.2
20123,718.65
20125,651.45
20127,702.9
20129,729.99
20131,719.43
20133,578.09
20135,1075.07
20137,881.42
20139,719.29
20141,894.31
20143,721.94
20145,754.6
20147,894.84
20149,862.12
20151,735.79
20153,1069.79
20155,1271.33
20157,720.36
20159,728.33
20161,622.15
20163,895.4
20165,718.45
20167,899.03
20169,721.32
20171,717.7
20173,1009.48
20175,640.55
20177,556.35
20179,896.66
20181,1056.08
20183,896.56
20185,794.77
20187,680.12
20189,727.78
20191,1184.86
20193,1074.97
20195,899.09
20197,799.86
20199,914.12
20201,898.88
20203,718.59
20205,575.04
20207,505.5
20209,155.7
21000,40411.24
21001,412.25
21003,352.06
21005,204.3
21007,273.62
21009,499.95
21011,283.96
21013,361.36
21015,256.98
21017,291.68
21019,161.83
21021,182.71
21023,208.91
21025,495.32
21027,585.55
21029,300.21
21031,431.54
21033,348.2
21035,410.81
21037,159.44
21039,199.03
21041,137.28
21043,412.17
21045,445.75
21047,724.05
21049,255.18
21051,471.09
21053,205.55
21055,370.97
21057,310.87
21059,476.3
21061,308.03
21063,235.22
21065,255.72
21067,285.53
21069,351.49
21071,395.49
21073,212.13
21075,230.56
21077,104.68
21079,233.89
21081,260.75
21083,556.5
21085,510.86
21087,288.8
21089,354.53
21091,198.93
21093,629.89
21095,467.98
21097,309.89
21099,417.93
21101,467.26
21103,291.13
21105,252.95
21107,554.25
21109,346.59
21111,398.6
21113,174.47
21115,263.96
21117,164.97
21119,353.03
21121,387.72
21123,263.74
21125,443.77
21127,420.16
21129,211.23
21131,404.37
21133,339.13
21135,495.73
21137,336.77
21139,342.22
21141,557.13
21143,256.47
21145,268.1
21147,430.67
21149,256.19
21151,443.14
21153,309.46
21155,346.89
21157,340.33
21159,230.83
21161,246.62
21163,324.24
21165,206.04
21167,253.13
21169,290.98
21171,332.13
21173,198.82
21175,383.76
21177,479.47
21179,424.1
21181,196.86
21183,596.75
21185,196.56
21187,354.18
21189,198.1
21191,281.37
21193,342.64
21195,788.89
21197,180.21
21199,677.09
21201,100.11
21203,318.08
21205,286.27
21207,282.84
21209,285.31
21211,385.67
21213,236.21
21215,191.81
21217,277.06
21219,377
21221,481.12
21223,156.24
21225,363.44
21227,547.72
21229,301.54
21231,484.22
21233,335.7
21235,445.17
21237,222.88
21239,192
22000,51843.47
22001,657.65
22003,765.72
22005,302.91
22007,364.59
22009,865.74
22011,1166.06
22013,821.83
22015,867.01
22017,937.01
22019,1094.42
22021,540.77
22023,1931.76
22025,739.5
22027,767.52
22029,748.74
22031,894.55
22033,470.59
22035,442.49
22037,455.72
22039,679.64
22041,635.48
22043,664.6
22045,1030.94
22047,652.88
22049,580.38
22051,642.42
22053,658.62
22055,270.32
22057,1472.3
22059,662.42
22061,472.3
22063,702.89
22065,650.59
22067,805.26
22069,1299.38
22071,350.23
22073,632.76
22075,2428.73
22077,590.74
22079,1362.04
22081,402.1
22083,564.55
22085,1011.59
22087,1793.84
22089,410.18
22091,409.49
22093,257.81
22095,347.86
22097,938.88
22099,816.51
22101,1118.93
22103,1124.13
22105,823.19
22107,641.25
22109,2080.08
22111,905.36
22113,1538.42
22115,1341.61
22117,676.01
22119,615.13
22121,203.64
22123,360.35
22125,426.05
22127,956.98
23000,35387.33
23001,497.25
23003,6829.18
23005,1217.01
23007,1744.46
23009,2351.18
23011,951.24
23013,1142.07
23015,699.97
23017,2175.44
23019,3556.42
23021,4377.71
23023,370.29
23025,4095.73
23027,852.81
23029,3255.14
23031,1271.44
24000,12407.45
24001,429.74
24003,587.91
24005,682.08
24009,345.11
24011,326.07
24013,452.43
24015,417.89
24017,643.27
24019,982.97
24021,667.4
24023,656.08
24025,526.74
24027,253.56
24029,414.32
24031,506.22
24033,499.42
24035,509.82
24037,764.54
24039,610.81
24041,476.81
24043,467.57
24045,399.81
24047,694.78
24510,92.08
25000,10554.79
25001,1305.52
25003,946.34
25005,691.26
25007,491
25009,828.69
25011,724.81
25013,634.17
25015,545.47
25017,847.63
25019,303.28
25021,443.97
25023,1093.48
25025,120.07
25027,1579.11
26000,96810.22
26001,1790.56
26003,5044.37
26005,1833.51
26007,1695.05
26009,601.94
26011,680.75
26013,1069.12
26015,576.93
26017,630.98
26019,859.72
26021,1581.47
26023,519.52
26025,718.49
26027,508.51
26029,1390.87
26031,885.26
26033,2698
26035,575.25
26037,574.6
26039,563.41
26041,1991.75
26043,777.2
26045,579.07
26047,882.33
26049,649.37
26051,516.46
26053,1476.54
26055,601.17
26057,571.64
26059,607.18
26061,1501.63
26063,2137.25
26065,560.98
26067,580.26
26069,1890.72
26071,1211.16
26073,577.78
26075,723.82
26077,580.23
26079,570.79
26081,872.21
26083,6060.49
26085,574.64
26087,663.12
26089,2533.36
26091,761.38
26093,585.46
26095,1911.9
26097,2100.59
26099,569.81
26101,1280.9
26103,3426.9
26105,1241.98
26107,571.14
26109,1338.13
26111,527.92
26113,573.85
26115,680.1
26117,721.02
26119,562.46
26121,1459.29
26123,861.45
26125,908.07
26127,1306.83
26129,574.67
26131,3741.37
26133,573.15
26135,571.6
26137,526
26139,1632.12
26141,2573.22
26143,579.86
26145,815.82
26147,832.55
26149,521.18
26151,1590.64
26153,1883.79
26155,540.78
26157,913.83
26159,1090.28
26161,722.59
26163,672.26
26165,575.88
27000,86942.71
27001,1995.39
27003,446.28
27005,1445.17
27007,3055.7
27009,413.02
27011,527.92
27013,765.93
27015,618.62
27017,875.28
27019,376.23
27021,2414.31
27023,587.85
27025,442.53
27027,1052.78
27029,1029.85
27031,3339.29
27033,648.94
27035,1156.62
27037,586.36
27039,439.64
27041,719.97
27043,721.64
27045,862.19
27047,722.66
27049,780.47
27051,575.21
27053,606.43
27055,568.95
27057,999.44
27059,451.9
27061,2927.91
27063,719.51
27065,533.41
27067,862.01
27069,1103.54
27071,3154.35
27073,778.09
27075,2991.14
27077,1775.08
27079,473.9
27081,548.47
27083,721.49
27085,505.7
27087,583.02
27089,1812.83
27091,729.59
27093,645.11
27095,681.8
27097,1153.37
27099,711.74
27101,719.56
27103,466.98
27105,722.36
27107,876.85
27109,654.53
27111,2225.03
27113,618.36
27115,1434.68
27117,466.17
27119,1997.89
27121,717.33
27123,170.16
27125,432.52
27127,881.28
27129,987.27
27131,516.14
27133,482.86
27135,1678.48
27137,6860.53
27139,368.57
27141,451
27143,600.39
27145,1389.99
27147,432.18
27149,575.27
27151,752.39
27153,979.39
27155,586
27157,549.85
27159,543.02
27161,432.82
27163,423.19
27165,439.93
27167,751.67
27169,641.63
27171,714.42
27173,763.42
28000,48433.59
28001,486.28
28003,401.38
28005,731.7
28007,737.15
28009,408.67
28011,905.82
28013,588
28015,634.59
28017,504.3
28019,419.84
28021,501.44
28023,693.46
28025,416.05
28027,583.18
28029,779.45
28031,414.97
28033,496.82
28035,470.2
28037,566.78
28039,483.65
28041,718.73
28043,449.41
28045,552.56
28047,976.18
28049,877.41
28051,764.24
28053,431.2
28055,441.4
28057,540.46
28059,1043.36
28061,677.49
28063,527.24
28065,409.14
28067,699.79
28069,767.05
28071,679.33
28073,500.52
28075,715.33
28077,435.76
28079,585.43
28081,453.17
28083,606.4
28085,588.22
28087,516.48
28089,742.03
28091,548.61
28093,709.86
28095,772.1
28097,407.9
28099,571.69
28101,579.62
28103,700.09
28105,461.94
28107,705.19
28109,818.98
28111,650.24
28113,410.81
28115,501.02
28117,418.28
28119,406.52
28121,806.16
28123,610.43
28125,434.92
28127,590.57
28129,637.32
28131,448.09
28133,707.26
28135,652.13
28137,410.98
28139,460
28141,444.57
28143,480.82
28145,416.91
28147,404.47
28149,618.82
28151,761.31
28153,813.54
28155,423.38
28157,687.71
28159,610.15
28161,495.03
28163,934.2
29000,69708.81
29001,569.35
29003,436.53
29005,547.39
29007,696.83
29009,790.96
29011,596.78
29013,851.45
29015,752.55
29017,621.21
29019,691.19
29021,414.6
29023,699.01
29025,429.75
29027,847.26
29029,708.9
29031,586.33
29033,702.35
29035,509.06
29037,702.73
29039,498.54
29041,768.3
29043,564.09
29045,511.93
29047,409.16
29049,423.5
29051,399.11
29053,570.25
29055,743.82
29057,506.34
29059,542.87
29061,569.12
29063,425.8
29065,754.56
29067,814.67
29069,547.14
29071,929.64
29073,524.53
29075,491.84
29077,677.84
29079,438.01
29081,726.5
29083,732.61
29085,411.77
29087,469.09
29089,470.58
29091,928.39
29093,552.09
29095,616.16
29097,641.37
29099,664.12
29101,833.09
29103,506.8
29105,768.03
29107,638.9
29109,613.42
29111,510.88
29113,640.44
29115,621.5
29117,538.51
29119,539.74
29121,812.58
29123,497.64
29125,530.01
29127,444.07
29129,455.21
29131,599.98
29133,428.93
29135,418.87
29137,670.26
29139,541.97
29141,613.94
29143,698.07
29145,626.72
29147,877.81
29149,791.65
29151,613.44
29153,755.13
29155,512.44
29157,484.3
29159,686.38
29161,674.32
29163,684.84
29165,427.26
29167,642.51
29169,551.44
29171,519.7
29173,483.84
29175,487.69
29177,573.62
29179,814.47
29181,631.71
29183,593.54
29185,701.95
29186,508.96
29187,452.43
29189,523.61
29195,764.62
29197,308.18
29199,439.29
29201,426.06
29203,1004.05
29205,502.45
29207,828.99
29209,510.95
29211,651.48
29213,651.53
29215,1179.33
29217,837.11
29219,437.76
29221,762.5
29223,774.13
29225,593.74
29227,266.77
29229,683.24
29510,66.15
30000,147046.16
30001,5572.35
30003,5014.72
30005,4238.98
30007,1238.94
30009,2062.26
30011,3348.41
30013,2711.74
30015,3997.13
30017,3793.37
30019,1426.57
30021,2383.23
30023,741.27
30025,1623.06
30027,4350.51
30029,5256.6
30031,2532.73
30033,4847.66
30035,3037.12
30037,1176.42
30039,1733.17
30041,2916.07
30043,1658.89
30045,1870.75
30047,1653.75
30049,3497.63
30051,1447.18
30053,3675.22
30055,2682.84
30057,3602.93
30059,2394.87
30061,1223.43
30063,2618.39
30065,1870.94
30067,2666.73
30069,1674.05
30071,5212.22
30073,1639.83
30075,3298.02
30077,2332.71
30079,1742.61
30081,2400.39
30083,2103.08
30085,2369.7
30087,5026.96
30089,2790.18
30091,1706.38
30093,718.99
30095,1804.71
30097,1862.1
30099,2292.57
30101,1945.82
30103,984.14
30105,5062.08
30107,1428.37
30109,890.12
30111,2649.11
30113,246.12
31000,77358.4
31001,564.19
31003,858.49
31005,718.36
31007,746.43
31009,714.39
31011,687.3
31013,1077.92
31015,544.64
31017,1225.15
31019,975.31
31021,497.12
31023,584.43
31025,566.27
31027,745.86
31029,897.67
31031,6009.87
31033,1196.55
31035,573.56
31037,418.61
31039,574.58
31041,2576.21
31043,267.41
31045,1400.9
31047,1019.34
31049,440.83
31051,482.75
31053,543.98
31055,339.65
31057,920.84
31059,576.66
31061,576.13
31063,980.11
31065,720.53
31067,859.99
31069,1731.15
31071,571.36
31073,462.77
31075,783.27
31077,570.74
31079,552.25
31081,546.76
31083,574.2
31085,713.37
31087,718.62
31089,2417.8
31091,721.54
31093,575.77
31095,575.53
31097,376.84
31099,516.15
31101,1109.85
31103,774.21
31105,952.38
31107,1139.75
31109,846.73
31111,2575.27
31113,571.18
31115,571.06
31117,860.06
31119,575.09
31121,494.39
31123,1429.92
31125,448.08
31127,411.91
31129,576
31131,619.12
31133,432.97
31135,884.33
31137,540.62
31139,575.31
31141,689.13
31143,441.13
31145,718.1
31147,555.98
31149,1011.91
31151,576.08
31153,247.29
31155,758.91
31157,745.57
31159,575.74
31161,2470.12
31163,571.66
31165,2067.43
31167,431.08
31169,575.36
31171,713.69
31173,396.27
31175,570.54
31177,393.79
31179,443.52
31181,575.04
31183,575.61
31185,576.04
32000,110566.91
32001,5023.65
32003,8091.05
32005,737.67
32007,17204.04
32009,3589.19
32011,4180.25
32013,9658.42
32015,5519.64
32017,10637.44
32019,2016.49
32021,3813.17
32023,18159.71
32027,6067.89
32029,263.81
32031,6551.48
32033,8897.17
32510,155.85
33000,9350.93
33001,468.59
33003,992.32
33005,729.21
33007,1831.72
33009,1750.3
33011,892.28
33013,956.56
33015,794.04
33017,383.95
33019,551.98
34000,8721.95
34001,671.47
34003,246.82
34005,819.48
34007,227.59
34009,620.29
34011,676.57
34013,129.59
34015,337
34017,62.26
34019,437.85
34021,228.87
34023,322.65
34025,665.34
34027,481.36
34029,915.9
34031,197.07
34033,372.54
34035,305.07
34037,535.96
34039,105.46
34041,362.78
35000,121598.23
35001,1168.77
35003,6929.49
35005,6075.6
35006,4542.07
35007,3768.29
35009,1407.78
35011,2334.02
35013,3814.88
35015,4197.8
35017,3967.79
35019,3031.81
35021,2126.1
35023,3446.2
35025,4394.33
35027,4831.64
35028,109.35
35029,2965.5
35031,5455.62
35033,1933.6
35035,6627.84
35037,2881.98
35039,5896.53
35041,2455.08
35043,3714.65
35045,5538.71
35047,4736
35049,1910.95
35051,4236.59
35053,6649.06
35055,2204.77
35057,3346.1
35059,3831
35061,1068.29
36000,54474.56
36001,533.47
36003,1034.48
36005,57.42
36007,715.5
36009,1322.33
36011,778.93
36013,1500.19
36015,410.81
36017,898.76
36019,1117.68
36021,648.32
36023,501.55
36025,1468.11
36027,825.43
36029,1226.97
36031,1916.62
36033,1697.54
36035,532.94
36037,495.37
36039,658.19
36041,1807.9
36043,1458.46
36045,1857.35
36047,96.87
36049,1289.99
36051,640.49
36053,661.56
36055,1365.95
36057,410.35
36059,453.32
36061,33.68
36063,1139.89
36065,1257.16
36067,805.73
36069,662.46
36071,838.58
36073,817.53
36075,1312.22
36077,1015.24
36079,246.27
36081,177.35
36083,665.46
36085,102.62
36087,199.36
36089,2821.61
36091,843.78
36093,209.64
36095,626.18
36097,346.16
36099,390.53
36101,1404.17
36103,2373.39
36105,996.93
36107,522.94
36109,491.65
36111,1160.82
36113,931.73
36115,845.91
36117,1384.18
36119,500.21
36121,596.48
36123,371.85
37000,53821.35
37001,434.8
37003,263.29
37005,235.52
37007,537.17
37009,426.81
37011,247.22
37013,958
37015,741.22
37017,887.15
37019,1050.06
37021,660.05
37023,514.91
37025,365.02
37027,474.32
37029,305.72
37031,1351.57
37033,428.47
37035,413.52
37037,709.18
37039,466.69
37041,233.32
37043,220.6
37045,468.31
37047,953.64
37049,761.82
37051,658.5
37053,525.68
37055,1561.59
37057,566.81
37059,266.89
37061,819.15
37063,298.12
37065,506.61
37067,412.91
37069,494.14
37071,363.85
37073,345.63
37075,301.61
37077,536.6
37079,265.91
37081,657.73
37083,730.97
37085,601.3
37087,554.85
37089,374.85
37091,360.83
37093,392.37
37095,1424
37097,593.42
37099,494.36
37101,795.9
37103,474.74
37105,259.36
37107,402.11
37109,307.06
37111,446.43
37113,519.44
37115,451.61
37117,462.9
37119,549.74
37121,222.15
37123,501.1
37125,706.29
37127,542.72
37129,327.93
37131,550.26
37133,908.46
37135,401.15
37137,566.24
37139,289.45
37141,932.69
37143,328.95
37145,404.1
37147,654.81
37149,238.58
37151,789.97
37153,479.64
37155,951.07
37157,572.35
37159,523.89
37161,565.98
37163,947.51
37165,320.65
37167,404.3
37169,455.9
37171,537.81
37173,540.65
37175,380.57
37177,600.32
37179,639.64
37181,269.85
37183,857.5
37185,443.83
37187,424.26
37189,312.76
37191,556.72
37193,759.96
37195,374.29
37197,337.53
37199,313.13
38000,70703.83
38001,988.89
38003,1513.34
38005,1439.39
38007,1153.47
38009,1697.83
38011,1167.03
38013,1129.33
38015,1668.12
38017,1768
38019,1510.22
38021,1141.76
38023,1294.24
38025,2082.38
38027,644.26
38029,1554.82
38031,646.75
38033,1002.4
38035,1439.91
38037,1666.02
38039,716.21
38041,1133.78
38043,1433.3
38045,1150.86
38047,1011.14
38049,1911.83
38051,995.12
38053,2861.05
38055,2328.27
38057,1112.49
38059,1945.39
38061,1941.16
38063,1008.8
38065,731.23
38067,1121.78
38069,1082.26
38071,1300.93
38073,864.18
38075,892.11
38077,1445.8
38079,939.4
38081,867.15
38083,1005.83
38085,1128.37
38087,1219.27
38089,1340.55
38091,715.54
38093,2298.36
38095,1041.61
38097,862.59
38099,1294.17
38101,2056.36
38103,1290.7
38105,2148.08
39000,44827.53
39001,585.83
39003,406.92
39005,426.86
39007,1368.76
39009,508.58
39011,401.74
39013,541.41
39015,495.26
39017,470.24
39019,399.02
39021,429.74
39023,403.83
39025,457.74
39027,412.31
39029,535.22
39031,567.61
39033,402.85
39035,1245.62
39037,600.38
39039,414.21
39041,455.99
39043,625.78
39045,508.58
39047,407.11
39049,543.35
39051,407.36
39053,471.16
39055,408.71
39057,416.24
39059,528.33
39061,412.81
39063,533.64
39065,470.55
39067,410.81
39069,420
39071,557.89
39073,423.62
39075,424.04
39077,494.94
39079,421.52
39081,410.89
39083,529.56
39085,979.02
39087,457.3
39089,688.39
39091,466.81
39093,923.09
39095,560.64
39097,465.97
39099,423.4
39101,404.17
39103,423.13
39105,432.41
39107,473.32
39109,409.19
39111,457.48
39113,464.39
39115,421.88
39117,407.38
39119,672.61
39121,404.6
39123,620.41
39125,418.92
39127,412.62
39129,506.84
39131,443.98
39133,507.14
39135,426.35
39137,484.28
39139,500.36
39141,693
39143,417.8
39145,616.12
39147,552.41
39149,411.06
39151,580.94
39153,420.1
39155,634.08
39157,571.53
39159,437
39161,410.51
39163,414.99
39165,407.14
39167,640.18
39169,556.34
39171,423.08
39173,620.58
39175,407.65
40000,69902.9
40001,577.06
40003,881.5
40005,990.05
40007,1817.68
40009,904.19
40011,938.94
40013,943.49
40015,1290.41
40017,905.25
40019,833.78
40021,776.45
40023,800.72
40025,1841.27
40027,558.39
40029,521.32
40031,1083.91
40033,641.99
40035,762.78
40037,969.82
40039,1002.07
40041,792.37
40043,1008.34
40045,1231.94
40047,1060
40049,813.73
40051,1105.38
40053,1003.67
40055,643.71
40057,538.6
40059,1041.02
40061,625.29
40063,814.69
40065,804.22
40067,773.88
40069,658.33
40071,945.2
40073,906.03
40075,1030.74
40077,729.16
40079,1608.14
40081,965.68
40083,748.98
40085,531.99
40087,580.18
40089,1901.45
40091,712.49
40093,957.92
40095,426.98
40097,683.55
40099,424.95
40101,839.01
40103,742.5
40105,580.93
40107,628.94
40109,718.38
40111,702.36
40113,2303.94
40115,484.77
40117,594.92
40119,697.18
40121,1377.92
40123,725.5
40125,793.39
40127,1422.86
40129,1146.53
40131,711.49
40133,640.55
40135,714.93
40137,891.19
40139,2048.97
40141,879.29
40143,587.05
40145,591.01
40147,424.19
40149,1009.14
40151,1290.14
40153,1246.09
41000,98385.75
41001,3088.61
41003,679.01
41005,1879.13
41007,1084.8
41009,688.37
41011,1806.45
41013,2987.55
41015,1988.64
41017,3054.96
41019,5134.06
41021,1222.91
41023,4529.53
41025,10227.05
41027,533.6
41029,2801.94
41031,1791.27
41033,1641.66
41035,6136.19
41037,8359.03
41039,4721.95
41041,1193.89
41043,2309.3
41045,9930.51
41047,1195.2
41049,2048.68
41051,465.7
41053,744.21
41055,831.29
41057,1332.86
41059,3231.34
41061,2038.4
41063,3151.78
41065,2395.46
41067,726.43
41069,1715.55
41071,718.41
42000,46058.24
42001,521.56
42003,744.73
42005,664.48
42007,443.94
42009,1017.49
42011,865.68
42013,527.17
42015,1161.09
42017,622.15
42019,794.85
42021,693.48
42023,398.61
42025,388.79
42027,1111.93
42029,759.86
42031,608.99
42033,1153.87
42035,898.12
42037,489.81
42039,1037.82
42041,551.2
42043,557.57
42045,190.77
42047,832.27
42049,1558.49
42051,797.99
42053,431.42
42055,772.69
42057,438.06
42059,577.99
42061,890.3
42063,834.35
42065,656.91
42067,393.61
42069,464.57
42071,983.9
42073,362.78
42075,362.61
42077,348.33
42079,907.14
42081,1243.84
42083,984.22
42085,682.62
42087,413.46
42089,616.05
42091,487.47
42093,132.3
42095,377.41
42097,477.4
42099,555.81
42101,142.68
42103,566.66
42105,1081.47
42107,782.63
42109,332.18
42111,1081.26
42113,452.37
42115,832.44
42117,1137.35
42119,317.15
42121,683.08
42123,897.83
42125,861
42127,750.59
42129,1036.46
42131,404.82
42133,910.34
44000,1545.1
44001,44.71
44003,188.01
44005,313.65
44007,435.85
44009,562.9
45000,32007.11
45001,511.1
45003,1080.53
45005,412.59
45007,757.47
45009,395.49
45011,557.29
45013,923
45015,1229.23
45017,392.36
45019,1357.14
45021,397.3
45023,586.19
45025,805.84
45027,695.71
45029,1132.05
45031,567.55
45033,406.56
45035,576.74
45037,506.56
45039,709.98
45041,803.05
45043,1035.09
45045,797.01
45047,462.95
45049,562.72
45051,1255
45053,685.84
45055,740.31
45057,555.32
45059,722.02
45061,411.33
45063,759.49
45065,393.89
45067,494.11
45069,485.3
45071,647.32
45073,673.63
45075,1127.83
45077,511.87
45079,771.74
45081,460.64
45083,819.21
45085,682.08
45087,515.96
45089,936.97
45091,695.77
46000,77121.46
46003,712.58
46005,1264.93
46007,1190.7
46009,581.37
46011,804.82
46013,1731.36
46015,846.56
46017,487.46
46019,2266.43
46021,771.39
46023,1150.27
46025,967.88
46027,416.73
46029,717.13
46031,2529.52
46033,1559.22
46035,436.81
46037,1091.29
46039,636.75
46041,2445.83
46043,434.16
46045,1151.23
46047,1749.24
46049,1005.77
46051,687.95
46053,1053.51
46055,1827.37
46057,537.99
46059,1440.34
46061,435.67
46063,2677.64
46065,800.35
46067,814.45
46069,866.66
46071,1871.41
46073,532.67
46075,971.75
46077,863.73
46079,575.1
46081,800.34
46083,578.64
46085,1707.18
46087,577.21
46089,1151.92
46091,885.67
46093,3482.67
46095,1309.87
46097,572.03
46099,813.74
46101,521.13
46103,2784.46
46105,2890.85
46107,898.47
46109,1135.42
46111,570.25
46113,2096.72
46115,1510.18
46117,1517.06
46119,1070.42
46121,1391
46123,1617.51
46125,617.5
46127,467.11
46129,744.25
46135,532.66
46137,1971.21
47000,42146.01
47001,344.83
47003,474.89
47005,436.23
47007,406.73
47009,566.66
47011,331.52
47013,498.27
47015,265.73
47017,599.89
47019,347.64
47021,307.16
47023,288.76
47025,441.56
47027,259.26
47029,443.17
47031,434.49
47033,265.49
47035,684.97
47037,526.16
47039,344.93
47041,329
47043,491.34
47045,526.52
47047,706.27
47049,499
47051,574.37
47053,603.64
47055,611.22
47057,302.46
47059,624.27
47061,361.17
47063,175.78
47065,575.76
47067,223.51
47069,670.44
47071,596.36
47073,499.66
47075,534.19
47077,525.95
47079,593.49
47081,612.75
47083,206.94
47085,556.75
47087,319.57
47089,314.34
47091,302.76
47093,525.81
47095,193.81
47097,507.17
47099,617.96
47101,282.5
47103,570.68
47105,247.04
47107,432.24
47109,560.87
47111,307.2
47113,558.68
47115,513.8
47117,376.13
47119,615.57
47121,216.79
47123,652.88
47125,543.87
47127,130.38
47129,522.41
47131,555.38
47133,434.83
47135,422.93
47137,174.58
47139,442.39
47141,402.44
47143,336.4
47145,394.99
47147,476.72
47149,624
47151,533.25
47153,266.04
47155,597.77
47157,783.69
47159,325.38
47161,493.22
47163,429.71
47165,543.16
47167,474.76
47169,116.65
47171,186.49
47173,247.14
47175,274.61
47177,434.12
47179,329.71
47181,735.65
47183,581.85
47185,379.55
47187,583.67
47189,583.27
48000,268600.96
48001,1078.05
48003,1501.09
48005,864.51
48007,528.01
48009,925.85
48011,913.85
48013,1235.73
48015,656.44
48017,827.43
48019,797.6
48021,895.99
48023,901.08
48025,880.39
48027,1087.19
48029,1256.76
48031,713.46
48033,906.11
48035,1002.72
48037,922.83
48039,1597.54
48041,590.35
48043,6193.22
48045,901.64
48047,943.67
48049,957.03
48051,677.83
48053,1020.18
48055,547.46
48057,1032.24
48059,901.34
48061,1276.42
48063,203.21
48065,924.15
48067,960.41
48069,899.39
48071,868.59
48073,1062.02
48075,713.66
48077,1116.23
48079,775.34
48081,928.07
48083,1281.55
48085,885.91
48087,919.48
48089,973.68
48091,574.65
48093,947.74
48095,993.75
48097,898.87
48099,1056.81
48101,901.66
48103,785.65
48105,2807.66
48107,901.74
48109,3812.94
48111,1505.37
48113,908.87
48115,902.16
48117,1498.36
48119,277.94
48121,957.72
48123,910.55
48125,905.26
48127,1334.58
48129,933.09
48131,1795.82
48133,931.98
48135,901.76
48137,2120.13
48139,951.73
48141,1014.75
48143,1089.88
48145,773.86
48147,899.23
48149,959.92
48151,901.82
48153,992.57
48155,707.74
48157,886.11
48159,294.79
48161,892.2
48163,1134.39
48165,1502.91
48167,876.46
48169,896.25
48171,1061.58
48173,901
48175,859.43
48177,1069.91
48179,929.3
48181,979.25
48183,276.41
48185,801.27
48187,714.23
48189,1004.86
48191,904.13
48193,836.45
48195,920.48
48197,697.05
48199,897.43
48201,1777.89
48203,915.17
48205,1463.3
48207,910.33
48209,679.85
48211,912.11
48213,949.09
48215,1582.78
48217,985.71
48219,908.57
48221,436.82
48223,792.8
48225,1236.93
48227,904.27
48229,4572.26
48231,882.09
48233,895.01
48235,1051.68
48237,920.18
48239,857.1
48241,969.68
48243,2264.77
48245,1111.32
48247,1136.24
48249,868.3
48251,734.43
48253,937.21
48255,753.58
48257,806.87
48259,663.1
48261,1945.6
48263,902.97
48265,1107.76
48267,1251.02
48269,913.38
48271,1365.4
48273,1090.5
48275,855.5
48277,932.53
48279,1017.8
48281,714.02
48283,1494.36
48285,970.44
48287,634.09
48289,1080.47
48291,1176.33
48293,933.22
48295,932.28
48297,1078.94
48299,966.25
48301,676.88
48303,900.74
48305,893.5
48307,1073.43
48309,1060.27
48311,1142.71
48313,472.48
48315,420.39
48317,915.69
48319,932.26
48321,1612.33
48323,1291.84
48325,1334.63
48327,902.32
48329,902.03
48331,1021.74
48333,749.95
48335,915.98
48337,938.51
48339,1076.91
48341,909.68
48343,258.65
48345,989.87
48347,981.41
48349,1086.27
48351,939.57
48353,914.01
48355,1166.58
48357,918.14
48359,1501.53
48361,379.56
48363,985.56
48365,821.39
48367,910.15
48369,885.23
48371,4765.11
48373,1109.91
48375,922.06
48377,3856.54
48379,258.89
48381,922.49
48383,1176.09
48385,700.09
48387,1057.67
48389,2642.13
48391,818.72
48393,924.25
48395,865.73
48397,148.71
48399,1057.22
48401,938.7
48403,576.65
48405,592.25
48407,627.96
48409,707.11
48411,1138.33
48413,1310.74
48415,907.61
48417,915.61
48419,834.6
48421,923.27
48423,949.55
48425,191.91
48427,1229.38
48429,921.55
48431,923.58
48433,920.31
48435,1454.52
48437,900.74
48439,897.56
48441,919.34
48443,2357.94
48445,890.96
48447,915.54
48449,425.72
48451,1540.63
48453,1022.19
48455,714.05
48457,935.77
48459,592.72
48461,1241.93
48463,1558.71
48465,3232.7
48467,859.56
48469,888.81
48471,801.51
48473,518.49
48475,835.81
48477,621.4
48479,3375.67
48481,1094.51
48483,915.39
48485,633.04
48487,978.16
48489,784.27
48491,1136.5
48493,808.64
48495,841.29
48497,922.84
48499,695.87
48501,799.79
48503,930.9
48505,1058.18
48507,1301.82
49000,84904.12
49001,2592.43
49003,6729.45
49005,1173.17
49007,1484.69
49009,723.1
49011,633.57
49013,3256.29
49015,4461.83
49017,5208.5
49019,3694.3
49021,3302.12
49023,3406.46
49025,4108.6
49027,6828.51
49029,610.79
49031,765.81
49033,1086.36
49035,807.83
49037,7933.64
49039,1602.71
49041,1918.41
49043,1882.15
49045,7287.73
49047,4499.21
49049,2141.06
49051,1209.24
49053,2430.07
49055,2466.61
49057,659.49
50000,9615
50001,808.46
50003,677.72
50005,657.74
50007,619.62
50009,673.83
50011,692.66
50013,194.66
50015,463.47
50017,691.97
50019,720.33
50021,944.43
50023,695.83
50025,798.18
50027,976.09
51000,42768.88
51001,1310.18
51003,726.24
51005,446.93
51007,358.57
51009,478.81
51011,334.75
51013,25.97
51015,972.28
51017,534.59
51019,769.36
51021,358.74
51023,545.98
51025,569.4
51027,503.9
51029,583.6
51031,507.28
51033,538.94
51035,477.84
51036,203.9
51037,477.46
51041,438.43
51043,178.2
51045,330.07
51047,382.32
51049,299.76
51051,334.57
51053,507.04
51057,285.92
51059,406.81
51061,651.83
51063,381.49
51065,290.23
51067,711.6
51069,415.66
51071,360.97
51073,288.02
51075,290.01
51077,445.93
51079,156.98
51081,296.83
51083,824.05
51085,474.11
51087,243.22
51089,384.41
51091,415.88
51093,362.79
51095,179.73
51097,326.35
51099,187.81
51101,285.67
51103,231.36
51105,437.34
51107,521.14
51109,510.83
51111,432.4
51113,321.81
51115,251.98
51117,679.34
51119,210.76
51121,389.44
51125,474.34
51127,223.77
51131,795.4
51133,285.68
51135,316.13
51137,343.44
51139,314.11
51141,485.88
51143,978.21
51145,262.42
51147,353.87
51149,281.55
51153,349.05
51155,329.6
51157,266.86
51159,216.4
51161,250.84
51163,601.02
51165,853.35
51167,476.78
51169,538.66
51171,512.56
51173,452.33
51175,603.07
51177,412.3
51179,279.55
51181,310.32
51183,492.86
51185,519.91
51187,216.35
51191,567.59
51193,252.65
51195,404.56
51197,464.63
51199,215.5
51510,15.38
51515,6.86
51520,11.59
51530,6.83
51540,10.26
51550,350.92
51560,3.1
51570,7.79
51580,4.44
51590,43.94
51595,6.96
51600,6.16
51610,2
51620,7.72
51630,10.52
51640,8.07
51650,128.56
51660,17.59
51670,10.72
51678,2.49
51680,49.77
51683,10.03
51685,1.83
51690,11.01
51700,119.03
51710,96.3
51720,7.26
51730,23.22
51735,78.43
51740,46.62
51750,10.19
51760,62.61
51770,42.93
51775,14.55
51780,5.55
51790,19.76
51800,429.09
51810,497.35
51820,14.06
51830,8.74
51840,9.33
53000,71302.65
53001,1929.73
53003,640.69
53005,1760.19
53007,2993.87
53009,2676.14
53011,656.26
53013,873.52
53015,1166.41
53017,1848.74
53019,2257.46
53021,1265.38
53023,718.18
53025,2791.37
53027,2224.59
53029,517.39
53031,2178.03
53033,2306.77
53035,565.98
53037,2333.24
53039,1904.29
53041,2436.43
53043,2339.74
53045,1051.09
53047,5315.38
53049,1223.58
53051,1425.34
53053,1806.67
53055,621.09
53057,1920.49
53059,1683.95
53061,2196.53
53063,1780.82
53065,2540.66
53067,773.68
53069,286.7
53071,1299.23
53073,2503.64
53075,2177.61
53077,4311.78
54000,24231.44
54001,342.77
54003,321.61
54005,503.22
54007,516.2
54009,92.26
54011,288.04
54013,280.65
54015,343.85
54017,320.51
54019,668.4
54021,340.09
54023,480.23
54025,1024.49
54027,644.67
54029,88.36
54031,584.52
54033,416.63
54035,471.62
54037,211.59
54039,911.07
54041,389.79
54043,438.61
54045,455.63
54047,534.94
54049,311.51
54051,312.2
54053,444.84
54055,420.71
54057,329.16
54059,423.66
54061,365.91
54063,473.68
54065,229.69
54067,654.45
54069,108.86
54071,698.21
54073,134.6
54075,941.9
54077,651.45
54079,350.42
54081,609.38
54083,1040
54085,453.61
54087,483.8
54089,367.73
54091,175.7
54093,421.13
54095,260.71
54097,354.89
54099,512.23
54101,556.18
54103,361.39
54105,234.85
54107,376.98
54109,501.85
55000,65503.21
55001,688.57
55003,2294.11
55005,890.08
55007,2041.75
55009,615.47
55011,709.63
55013,880.44
55015,397.06
55017,1041.36
55019,1219.14
55021,795.78
55023,599.29
55025,1238.43
55027,907.08
55029,2369.94
55031,1480.03
55033,863.96
55035,645.31
55037,497.52
55039,765.87
55041,1046.49
55043,1183.44
55045,584.62
55047,380.46
55049,768.16
55051,919.29
55053,1000.08
55055,582.8
55057,804.22
55059,754.36
55061,1084.61
55063,479.96
55065,634.62
55067,887.95
55069,906.97
55071,1493.85
55073,1576.24
55075,1550.26
55077,464.46
55078,365.02
55079,1189.8
55081,908.47
55083,1149.18
55085,1236.11
55087,644.46
55089,1116.3
55091,248.7
55093,591.62
55095,956.33
55097,822.82
55099,1278.57
55101,791.98
55103,589.45
55105,726.26
55107,930.96
55109,735.85
55111,848.51
55113,1350.44
55115,909.39
55117,1271.07
55119,984.58
55121,742.05
55123,816.5
55125,1017.92
55127,576.55
55129,853.13
55131,435.92
55133,580.52
55135,765.38
55137,637.44
55139,578.75
55141,809.51
56000,97818.11
56001,4309.03
56003,3159.1
56005,4801.69
56007,7964.44
56009,4265.29
56011,2870.61
56013,9266.21
56015,2232.31
56017,2006.32
56019,4174.86
56021,2687.82
56023,4089.23
56025,5375.91
56027,2627.99
56029,6968.85
56031,2111.02
56033,2527.14
56035,4935.97
56037,10491.73
56039,4221.96
56041,2087.66
56043,2242.85
56045,2400.13